ECOADRIATICA,10.202.1.166
GRANDETORINO,10.202.1.130
EUROCARGOTRIESTE,10.202.1.183
ECOSALERNO,10.202.1.184
GRANDECOSTADAVORIO,10.202.1.116
GRANDELAGOS,10.202.1.131
EUROCARGOVALENCIA,10.202.1.126
ECOMALTA,10.202.1.160
EUROCARGOSALERNO,10.202.1.178
GRANDEBENIN,10.202.1.111
GRANDELUANDA,10.202.1.106
ATLANTICSTAR,10.202.1.170
GRANDESENEGAL,10.202.1.110
GRANDEAFRICA,10.202.1.181
ATLANTICSKY,10.202.1.172
GRANDEHOUSTON,10.202.1.109
ECONAPOLI,10.202.1.188
GRANDEMIRAFIORI,10.202.1.102
GRANDEFLORIDA,10.202.1.148
ATLANTICSUN,10.202.1.171
ATLANTICSAIL,10.202.1.173
ATLANTICSEA,10.202.1.169
GRANDEARGENTINA,10.202.1.176
GRANDEATLANTICO,10.202.1.182
GRANDENEWYORK,10.202.1.128
GRANDEMAROCCO,10.202.1.119
EUROCARGOMALTA,10.202.1.135
GRANDENEWJERSEY,10.202.1.132
GRANDECALIFORNIA,10.202.1.162
ECOSAVONA,10.202.1.159
ECOLIVORNO,10.202.1.152
ECOBARCELONA,10.202.1.134
ECOCATANIA,10.202.1.161
EUROCARGOROMA,10.202.1.13
GRANDETEXAS,10.202.1.154
GRANDEANGOLA,10.202.1.115
ECOVALENCIA,10.202.1.133
ECOMEDITERRANEA,10.202.1.165
ECOITALIA,10.202.1.167
GRANDEBALTIMORA,10.202.1.108
EUROCARGOGENOVA,10.202.1.141
GRANDETOGO,10.202.1.114
GRANDEBENELUX,10.202.1.164
GRANDECOLONIA,10.202.1.117
GRANDEANVERSA,10.202.1.155
GRANDECAMEROON,10.202.1.112
GRANDEGABON,10.202.1.121
GRANDESIERRALEONE,10.202.1.122
EUROCARGOBARI,10.202.1.124
GRANDEBUENOSAIRES,10.202.1.158
EUROCARGOCAGLIARI,10.202.1.125
GRANDEEUROPA,10.202.1.105
GRANBRETAGNA,10.202.1.146
GRANDEMEDITERRANEO,10.202.1.147
EUROCARGOVENEZIA,10.202.1.138
EUROCARGOLIVORNO,10.202.1.142
GRANDEDAKAR,10.202.1.100
GRANDESANPAOLO,10.202.1.101
GRANDETEMA,10.202.1.103
GRANDEABIDJAN,10.202.1.104
GRANDECOTONOU,10.202.1.107
GRANDECONGO,10.202.1.120
GRANDEHALIFAX,10.202.1.127
GRANDEGUINEA,10.202.1.118
GRANDENAPOLI,10.202.1.129
GRANDEGHANA,10.202.1.113
GRANDEAMBURGO,10.202.1.151
GRANDENIGERIA,10.202.1.149
GRANDEROMA,10.202.1.156
GRANDESICILIA,10.202.1.157
GRANDEFRANCIA,10.202.1.150
GRANDEPORTOGALLO,10.202.1.163
EUROCARGOPALERMO,10.202.1.136
EUROCARGOALEXANDRIA,10.202.1.123
EUROCARGORAVENNA,10.202.1.137
GRANDEELLADE,10.202.1.144
GRANDESCANDINAVIA,10.202.1.145
GRANDEITALIA,10.202.1.140
GRANDESPAGNA,10.202.1.139
GRANDEDETROIT,10.202.1.153
GRANDESVEZIA,10.202.1.187
GRANDESHANGAI,10.202.1.185
GRANDETIANJIN,10.202.1.189