ECOADRIATICA,10.202.1.166
ECOBARCELONA,10.202.1.134
ECOCATANIA,10.202.1.161
ECOITALIA,10.202.1.167
ECOLIVORNO,10.202.1.152
ECOMALTA,10.202.1.160
ECOMEDITERRANEA,10.202.1.165
ECONAPOLI,10.202.1.188
ECOSALERNO,10.202.1.184
ECOSAVONA,10.202.1.159
ECOVALENCIA,10.202.1.133
EUROCARGOALEXANDRIA,10.202.1.123
EUROCARGOBARI,10.202.1.124
EUROCARGOCAGLIARI,10.202.1.125
EUROCARGOGENOVA,10.202.1.141
EUROCARGOLIVORNO,10.202.1.142
EUROCARGOMALTA,10.202.1.135
EUROCARGOPALERMO,10.202.1.136
EUROCARGORAVENNA,10.202.1.137
EUROCARGOROMA,10.202.1.13
EUROCARGOSALERNO,10.202.1.178
EUROCARGOTRIESTE,10.202.1.183
EUROCARGOVALENCIA,10.202.1.126
EUROCARGOVENEZIA,10.202.1.138
GRANDEABIDJAN,10.202.1.104
GRANDEAMBURGO,10.202.1.151
GRANDEANGOLA,10.202.1.115
GRANDEANVERSA,10.202.1.155
GRANDEAUCKLAND,10.202.1.198
GRANDEBALTIMORA,10.202.1.108
GRANDEBENELUX,10.202.1.164
GRANDEBENIN,10.202.1.111
GRANDEBRETAGNA,10.202.1.146
GRANDEBUENOSAIRES,10.202.1.158
GRANDECALIFORNIA,10.202.1.162
GRANDECAMEROON,10.202.1.112
GRANDECOLONIA,10.202.1.117
GRANDECONGO,10.202.1.120
GRANDECOSTADAVORIO,10.202.1.116
GRANDECOTONOU,10.202.1.107
GRANDEDAKAR,10.202.1.100
GRANDEDETROIT,10.202.1.153
GRANDEELLADE,10.202.1.144
GRANDEEUROPA,10.202.1.105
GRANDEFLORIDA,10.202.1.148
GRANDEFRANCIA,10.202.1.150
GRANDEGABON,10.202.1.121
GRANDEGHANA,10.202.1.113
GRANDEGUINEA,10.202.1.118
GRANDEHALIFAX,10.202.1.127
GRANDEHOUSTON,10.202.1.109
GRANDEINGHILTERRA,10.202.1.190
GRANDEISTANBUL,10.202.1.200
GRANDEITALIA,10.202.1.140
GRANDELAGOS,10.202.1.131
GRANDELUANDA,10.202.1.106
GRANDEMANILA,10.202.1.201
GRANDEMAROCCO,10.202.1.119
GRANDEMEDITERRANEO,10.202.1.147
GRANDEMELBOURNE,10.202.1.199
GRANDEMICHIGAN,10.202.1.193
GRANDEMIRAFIORI,10.202.1.102
GRANDENAPOLI,10.202.1.129
GRANDENEWJERSEY,10.202.1.132
GRANDENEWYORK,10.202.1.128
GRANDENIGERIA,10.202.1.149
GRANDEPORTOGALLO,10.202.1.163
GRANDEROMA,10.202.1.156
GRANDESANPAOLO,10.202.1.101
GRANDESCANDINAVIA,10.202.1.145
GRANDESENEGAL,10.202.1.110
GRANDESEOUL,10.202.1.202
GRANDESHANGAI,10.202.1.185
GRANDESICILIA,10.202.1.157
GRANDESIERRALEONE,10.202.1.122
GRANDESPAGNA,10.202.1.139
GRANDESVEZIA,10.202.1.187
GRANDETEMA,10.202.1.103
GRANDETEXAS,10.202.1.154
GRANDETIANJIN,10.202.1.189
GRANDETOGO,10.202.1.114
GRANDETOKYO,10.202.1.203
GRANDETORINO,10.202.1.130
